{
  "files": [
    {
      "filepath": "C:/devel/personal/kit/packages/core/tests/bench/spatial.bench.ts",
      "groups": [
        {
          "fullName": "tests/bench/spatial.bench.ts > SpatialHash performance",
          "benchmarks": [
            {
              "id": "1938475604_0_0",
              "name": "SpatialHash.insert()",
              "rank": 2,
              "rme": 19.715486920582304,
              "samples": [],
              "totalTime": 500.00029999995303,
              "min": 0.00009999999997489795,
              "max": 35.06040000000007,
              "hz": 1632791.020325541,
              "period": 0.0006124482481540246,
              "mean": 0.0006124482481540246,
              "variance": 0.003098436027783355,
              "sd": 0.05566359697130033,
              "sem": 0.00006160569094905213,
              "df": 816395,
              "critical": 1.96,
              "moe": 0.00012074715426014216,
              "p75": 0.0004999999999881766,
              "p99": 0.002299999999991087,
              "p995": 0.003100000000017644,
              "p999": 0.014999999999986358,
              "sampleCount": 816396,
              "median": 0.0003000000000383807
            },
            {
              "id": "1938475604_0_1",
              "name": "SpatialHash.query()",
              "rank": 4,
              "rme": 1.19998290817247,
              "samples": [],
              "totalTime": 500.0096999999878,
              "min": 0.03350000000000364,
              "max": 1.1449999999999818,
              "hz": 22851.556679800968,
              "period": 0.043760694906352864,
              "mean": 0.043760694906352864,
              "variance": 0.0008201638387817468,
              "sd": 0.028638502732889978,
              "sem": 0.00026791880580292603,
              "df": 11425,
              "critical": 1.96,
              "moe": 0.0005251208593737351,
              "p75": 0.03999999999996362,
              "p99": 0.1268000000000029,
              "p995": 0.18229999999994106,
              "p999": 0.405699999999797,
              "sampleCount": 11426,
              "median": 0.03770000000008622
            },
            {
              "id": "1938475604_0_2",
              "name": "SpatialHash.update()",
              "rank": 3,
              "rme": 162.28363586938087,
              "samples": [],
              "totalTime": 899.1673000000144,
              "min": 0.00009999999974752427,
              "max": 744.4904999999999,
              "hz": 273407.40705316584,
              "period": 0.0036575453853945647,
              "mean": 0.0036575453853945647,
              "variance": 2.254589832774107,
              "sd": 1.5015291648096973,
              "sem": 0.0030283661403015605,
              "df": 245838,
              "critical": 1.96,
              "moe": 0.005935597634991059,
              "p75": 0.000600000000304135,
              "p99": 0.00279999999975189,
              "p995": 0.0035000000002582965,
              "p999": 0.011300000000119326,
              "sampleCount": 245839,
              "median": 0.0005000000001018634
            },
            {
              "id": "1938475604_0_3",
              "name": "SpatialHash.remove()",
              "rank": 1,
              "rme": 0.3208675285684396,
              "samples": [],
              "totalTime": 500.0000000005116,
              "min": 0,
              "max": 0.22699999999986176,
              "hz": 6326759.999993526,
              "period": 0.00015805878522356202,
              "mean": 0.00015805878522356202,
              "variance": 2.118010163778393e-7,
              "sd": 0.0004602184441956225,
              "sem": 2.587547539959905e-7,
              "df": 3163379,
              "critical": 1.96,
              "moe": 5.071593178321414e-7,
              "p75": 0.0001999999999497959,
              "p99": 0.0007000000000516593,
              "p995": 0.0009000000000014552,
              "p999": 0.0015999999995983671,
              "sampleCount": 3163380,
              "median": 0.00010000000020227162
            },
            {
              "id": "1938475604_0_4",
              "name": "SpatialHash.clear()",
              "rank": 5,
              "rme": 0.7087097605210777,
              "samples": [],
              "totalTime": 500.06290000001536,
              "min": 0.06329999999979918,
              "max": 0.6654000000007727,
              "hz": 13840.258895430528,
              "period": 0.07225298367288187,
              "mean": 0.07225298367288187,
              "variance": 0.00047239479781651376,
              "sd": 0.021734645104452794,
              "sem": 0.0002612571161007217,
              "df": 6920,
              "critical": 1.96,
              "moe": 0.0005120639475574145,
              "p75": 0.07150000000001455,
              "p99": 0.11160000000018044,
              "p995": 0.12339999999949214,
              "p999": 0.45200000000022555,
              "sampleCount": 6921,
              "median": 0.068000000000211
            }
          ]
        }
      ]
    }
  ]
}