{
  "files": [
    {
      "filepath": "C:/devel/personal/kit/packages/core/tests/bench/spatial.bench.ts",
      "groups": [
        {
          "fullName": "tests/bench/spatial.bench.ts > SpatialHash performance",
          "benchmarks": [
            {
              "id": "1938475604_0_0",
              "name": "SpatialHash.insert()",
              "rank": 1,
              "rme": 1.3029443872401003,
              "samples": [],
              "totalTime": 500.00019999993526,
              "min": 0.00009999999997489795,
              "max": 2.8397999999999683,
              "hz": 2820986.8716056165,
              "period": 0.00035448587516142237,
              "mean": 0.00035448587516142237,
              "variance": 0.000007832650152479577,
              "sd": 0.0027986872194798004,
              "sem": 0.0000023565070479462765,
              "df": 1410493,
              "critical": 1.96,
              "moe": 0.000004618753813974702,
              "p75": 0.0003999999999564352,
              "p99": 0.0013999999999896318,
              "p995": 0.0018999999999778083,
              "p999": 0.010600000000067666,
              "sampleCount": 1410494,
              "median": 0.00029999999992469384
            },
            {
              "id": "1938475604_0_1",
              "name": "SpatialHash.query()",
              "rank": 4,
              "rme": 9.918621899917039,
              "samples": [],
              "totalTime": 500.05369999999675,
              "min": 0.17160000000012587,
              "max": 9.495400000000018,
              "hz": 3751.597078473796,
              "period": 0.2665531449893373,
              "mean": 0.2665531449893373,
              "variance": 0.3413429863314325,
              "sd": 0.584245655808781,
              "sem": 0.013488978884607155,
              "df": 1875,
              "critical": 1.96,
              "moe": 0.026438398613830023,
              "p75": 0.22829999999999018,
              "p99": 0.41879999999991924,
              "p995": 6.709299999999985,
              "p999": 8.652199999999993,
              "sampleCount": 1876,
              "median": 0.2037000000000262
            },
            {
              "id": "1938475604_0_2",
              "name": "SpatialHash.update()",
              "rank": 3,
              "rme": 3.2195369831206486,
              "samples": [],
              "totalTime": 500.04690000000255,
              "min": 0.001099999999951251,
              "max": 1.731000000000222,
              "hz": 4657.563120579266,
              "period": 0.21470455130957602,
              "mean": 0.21470455130957602,
              "variance": 0.028968545082370005,
              "sd": 0.17020148378427846,
              "sem": 0.003526781854007678,
              "df": 2328,
              "critical": 1.96,
              "moe": 0.006912492433855049,
              "p75": 0.30070000000023356,
              "p99": 0.8012000000003354,
              "p995": 0.8765000000003056,
              "p999": 1.1626999999998588,
              "sampleCount": 2329,
              "median": 0.18440000000009604
            },
            {
              "id": "1938475604_0_3",
              "name": "SpatialHash.remove()",
              "rank": 5,
              "rme": 5.981757508487383,
              "samples": [],
              "totalTime": 500.0815000000025,
              "min": 0.003499999999803549,
              "max": 4.363100000000031,
              "hz": 2345.617664320704,
              "period": 0.4263269394714429,
              "mean": 0.4263269394714429,
              "variance": 0.1985770383180136,
              "sd": 0.44561983609127365,
              "sem": 0.01301114475129464,
              "df": 1172,
              "critical": 1.96,
              "moe": 0.025501843712537494,
              "p75": 0.579899999999725,
              "p99": 2.0805999999997766,
              "p995": 2.386399999999867,
              "p999": 2.6226999999998952,
              "sampleCount": 1173,
              "median": 0.2795000000000982
            },
            {
              "id": "1938475604_0_4",
              "name": "SpatialHash.clear()",
              "rank": 2,
              "rme": 0.9877464495368663,
              "samples": [],
              "totalTime": 500.0180999999775,
              "min": 0.051599999999780266,
              "max": 1.0846999999998843,
              "hz": 15181.450431495063,
              "period": 0.0658698590436013,
              "mean": 0.0658698590436013,
              "variance": 0.0008364717369893595,
              "sd": 0.028921821121591904,
              "sem": 0.00033195265000924,
              "df": 7590,
              "critical": 1.96,
              "moe": 0.0006506271940181104,
              "p75": 0.06679999999960273,
              "p99": 0.12829999999985375,
              "p995": 0.145799999999781,
              "p999": 0.5149000000001251,
              "sampleCount": 7591,
              "median": 0.05670000000009168
            }
          ]
        }
      ]
    }
  ]
}