{
  "files": [
    {
      "filepath": "C:/devel/personal/kit/packages/core/tests/bench/utils.bench.ts",
      "groups": [
        {
          "fullName": "tests/bench/utils.bench.ts > Pool performance",
          "benchmarks": [
            {
              "id": "900903047_0_0",
              "name": "Pool.acquire()",
              "rank": 1,
              "rme": 0.2135189434966429,
              "samples": [],
              "totalTime": 500.0000999999295,
              "min": 0,
              "max": 0.07359999999994216,
              "hz": 22177837.564435616,
              "period": 0.00004509005880733838,
              "mean": 0.00004509005880733838,
              "variance": 2.675540774869614e-8,
              "sd": 0.00016357080347267398,
              "sem": 4.912031489155301e-8,
              "df": 11088920,
              "critical": 1.96,
              "moe": 9.62758171874439e-8,
              "p75": 0.00009999999997489795,
              "p99": 0.00010000000020227162,
              "p995": 0.00010000000020227162,
              "p999": 0.0003999999998995918,
              "sampleCount": 11088921,
              "median": 0
            },
            {
              "id": "900903047_0_1",
              "name": "Pool.release()",
              "rank": 2,
              "rme": 0.2716017132189484,
              "samples": [],
              "totalTime": 500.0000000006421,
              "min": 0,
              "max": 0.2352999999993699,
              "hz": 21457635.999972444,
              "period": 0.000046603456224221725,
              "mean": 0.000046603456224221725,
              "variance": 4.4744637911884173e-8,
              "sd": 0.00021152928381641198,
              "sem": 6.457948241032083e-8,
              "df": 10728817,
              "critical": 1.96,
              "moe": 1.2657578552422882e-7,
              "p75": 0.00010000000020227162,
              "p99": 0.00010000000020227162,
              "p995": 0.00010000000020227162,
              "p999": 0.0003999999998995918,
              "sampleCount": 10728818,
              "median": 0
            },
            {
              "id": "900903047_0_2",
              "name": "Pool.clear()",
              "rank": 3,
              "rme": 0.1811229956929995,
              "samples": [],
              "totalTime": 500.0001999988799,
              "min": 0,
              "max": 0.22969999999986612,
              "hz": 10817417.673057165,
              "period": 0.00009244350456123093,
              "mean": 0.00009244350456123093,
              "variance": 3.947131741747464e-8,
              "sd": 0.00019867389717190994,
              "sem": 8.542675754331432e-8,
              "df": 5408710,
              "critical": 1.96,
              "moe": 1.6743644478489608e-7,
              "p75": 0.00010000000111176632,
              "p99": 0.00020000000040454324,
              "p995": 0.00020000000040454324,
              "p999": 0.0004000000008090865,
              "sampleCount": 5408711,
              "median": 0.00009999999929277692
            },
            {
              "id": "900903047_0_3",
              "name": "Pool.preallocate()",
              "rank": 4,
              "rme": 0.8740642220075234,
              "samples": [],
              "totalTime": 500.000400000612,
              "min": 0.0005999999993946403,
              "max": 0.6450000000004366,
              "hz": 1276384.9788904546,
              "period": 0.0007834626829197625,
              "mean": 0.0007834626829197625,
              "variance": 0.00000779046196936319,
              "sd": 0.0027911399050142916,
              "sem": 0.000003493860716419333,
              "df": 638192,
              "critical": 1.96,
              "moe": 0.000006847967004181892,
              "p75": 0.0007999999997991836,
              "p99": 0.001399999999193824,
              "p995": 0.0017000000007101335,
              "p999": 0.009100000001126318,
              "sampleCount": 638193,
              "median": 0.0007000000005064066
            }
          ]
        }
      ]
    }
  ]
}